/home/weifeng/MM/McRae/ecology1/ecology1.mtx,68.874,4996000,0,0,0,1,99
/home/weifeng/MM/Williams/mc2depi/mc2depi.mtx,30.203,2100225,0.000648,0.000562,0.000843,1.008175,98.989772
/home/weifeng/MM/GHS_psdef/bmwcra_1/bmwcra_1.mtx,42.635,10644002,0,0.004359,0.384796,1.146116,98.464728
/home/weifeng/MM/Freescale/transient/transient.mtx,30.094,961790,0.091179,0.238171,0.090033,1.500515,98.080102
/home/weifeng/MM/Schenk_ISEI/ohne2/ohne2.mtx,70.149,11063545,0.026207,0.045501,0.035009,1.890417,98.002866
/home/weifeng/MM/Rajat/rajat21/rajat21.mtx,46.949,1893370,0.0011,0.139856,0.007182,1.850913,98.000949
/home/weifeng/MM/Schenk_ISEI/para-5/para-5.mtx,69.772,5416358,0.037493,0.011043,0.002958,1.948161,98.000345
/home/weifeng/MM/Schenk_ISEI/para-6/para-6.mtx,69.232,5416358,0.037493,0.011043,0.002958,1.948161,98.000345
/home/weifeng/MM/Schenk_ISEI/para-7/para-7.mtx,62.47,5416358,0.037386,0.011043,0.002958,1.948268,98.000345
/home/weifeng/MM/Schenk_ISEI/para-10/para-10.mtx,63.358,5416358,0.037702,0.010228,0.002644,1.949082,98.000345
/home/weifeng/MM/Schenk_ISEI/para-8/para-8.mtx,60.844,5416358,0.032877,0.01169,0.005786,1.949549,98.000097
/home/weifeng/MM/Schenk_ISEI/para-9/para-9.mtx,69.564,5416358,0.039785,0.009393,0.003079,1.947646,98.000097
/home/weifeng/MM/DNVS/m_t1/m_t1.mtx,23.445,9753570,0,0.000147,0.003771,1.996082,98
/home/weifeng/MM/Schenk_ISEI/barrier2-9/barrier2-9.mtx,43.52,3897557,0.023526,0.003827,0,1.972646,98
/home/weifeng/MM/Schenk_ISEI/barrier2-12/barrier2-12.mtx,53.158,3897557,0.024279,0.003267,0,1.972454,98
/home/weifeng/MM/Schenk_ISEI/barrier2-10/barrier2-10.mtx,44.324,3897557,0.024979,0.003031,0,1.971989,98
/home/weifeng/MM/Schenk_ISEI/barrier2-11/barrier2-11.mtx,53.093,3897557,0.024979,0.003031,0,1.971989,98
/home/weifeng/MM/Norris/torso1/torso1.mtx,35.912,8516500,0.005493,0.059701,0.741284,1.580713,97.612809
/home/weifeng/MM/Sandia/ASIC_680k/ASIC_680k.mtx,74.54,3871773,0.129039,0.375119,0.031006,2.012294,97.452542
/home/weifeng/MM/Sandia/ASIC_680ks/ASIC_680ks.mtx,64.602,2329176,0.048794,0.050754,0.02731,2.866589,97.006553
/home/weifeng/MM/HB/bcsstm09/bcsstm09.mtx,3.076,1083,0,0,1,2,97
/home/weifeng/MM/GHS_psdef/apache2/apache2.mtx,59.693,4817870,0.001843,0.12971,0.00073,3.362207,96.505511
/home/weifeng/MM/Hamrle/Hamrle3/Hamrle3.mtx,114.26,5514242,0.010202,0.011082,0.00002,4.932475,95.046222
/home/weifeng/MM/McRae/ecology2/ecology2.mtx,86.86,4995991,0.319405,0.373595,0.134966,4.185186,94.986848
/home/weifeng/MM/Rudnyi/water_tank/water_tank.mtx,18.761,2035281,0,0.021784,0.043568,5.720366,94.214283
/home/weifeng/MM/Rajat/rajat29/rajat29.mtx,84.06,4866270,2.023167,0.850979,0.079874,3.044838,94.001142
/home/weifeng/MM/Castrillon/denormal/denormal.mtx,16.711,1156224,4.655303,0.301614,0.144438,2.984451,91.914194
/home/weifeng/MM/Rajat/Raj1/Raj1.mtx,36.717,1302464,1.449754,1.435608,1.968089,6.659706,88.486843
/home/weifeng/MM/Oberwolfach/t3dh_a/t3dh_a.mtx,30.585,4352105,2.437252,2.64817,1.666651,6.053308,87.194619
/home/weifeng/MM/Oberwolfach/t3dh/t3dh.mtx,30.814,4352105,2.437252,2.64817,1.666651,6.053308,87.194619
/home/weifeng/MM/HVDC/hvdc2/hvdc2.mtx,31.915,1347273,0.004282,0.000386,0.000455,15.994846,84.000031
/home/weifeng/MM/Williams/cant/cant.mtx,13.972,4007383,0,0,0,20.670802,79.329198
/home/weifeng/MM/Rajat/rajat24/rajat24.mtx,74.747,1948235,0.241366,0.102107,0.157889,23.495569,76.003069
/home/weifeng/MM/MaxPlanck/shallow_water1/shallow_water1.mtx,10.036,327680,1.853906,0.177344,0,27.96875,70
/home/weifeng/MM/GHS_indef/cont-300/cont-300.mtx,28.232,988195,0.957613,0.688874,0.662228,38.779955,58.91133
/home/weifeng/MM/Fluorem/PR02R/PR02R.mtx,42.627,8185136,0.000909,0,0,57.999091,42
/home/weifeng/MM/Sandia/ASIC_320k/ASIC_320k.mtx,126.625,2635364,0.518068,0.145649,0.938462,59.843483,38.554338
/home/weifeng/MM/CEMW/t2em/t2em.mtx,110.414,4590832,2.022629,1.601518,1.350887,57.583123,37.441843
/home/weifeng/MM/Schenk_IBMSDS/matrix_9/matrix_9.mtx,24.012,2121550,0.740376,0.111781,0.031369,97.429935,1.686539
/home/weifeng/MM/Oberwolfach/t3dh_e/t3dh_e.mtx,63.978,4352105,11.210457,71.767346,13.93285,1.501992,1.587356
/home/weifeng/MM/GHS_psdef/apache1/apache1.mtx,19.295,542184,0.002214,0,0,99.375473,0.622313
/home/weifeng/MM/Cunningham/m3plates/m3plates.mtx,3.431,6639,3.988473,45.119597,36.220461,14.570605,0.100865
/home/weifeng/MM/Norris/torso2/torso2.mtx,24.047,1033473,17.477192,49.435403,14.348564,18.682418,0.056423
/home/weifeng/MM/Boeing/bcsstm37/bcsstm37.mtx,5.883,15525,29.690865,64.204477,3.301875,2.751966,0.050817
/home/weifeng/MM/Botonakis/thermomech_TC/thermomech_TC.mtx,106.007,711558,11.174535,75.143719,0.008145,13.664555,0.009047
/home/weifeng/MM/Schenk_AFE/af_shell1/af_shell1.mtx,111.646,17588875,0,0,0,99.998822,0.001178
/home/weifeng/MM/Schenk_AFE/af_shell2/af_shell2.mtx,110.837,17588875,0,0,0,99.998822,0.001178
/home/weifeng/MM/Schenk_AFE/af_shell3/af_shell3.mtx,106.899,17588875,0,0,0,99.998822,0.001178
/home/weifeng/MM/Schenk_AFE/af_shell4/af_shell4.mtx,111.028,17588875,0,0,0,99.998822,0.001178
/home/weifeng/MM/Schenk_AFE/af_shell5/af_shell5.mtx,109.632,17588875,0,0,0,99.998822,0.001178
/home/weifeng/MM/Schenk_AFE/af_shell6/af_shell6.mtx,107.093,17588875,0,0,0,99.998822,0.001178
/home/weifeng/MM/Schenk_AFE/af_shell7/af_shell7.mtx,111.199,17588875,0,0,0,99.998822,0.001178
/home/weifeng/MM/Schenk_AFE/af_shell8/af_shell8.mtx,108.74,17588875,0,0,0,99.998822,0.001178
/home/weifeng/MM/Schenk_AFE/af_shell9/af_shell9.mtx,110.37,17588875,0,0,0,99.998822,0.001178
/home/weifeng/MM/Boeing/bcsstm35/bcsstm35.mtx,6.197,20619,20.535627,1.720885,0.250123,77.492383,0.000983
/home/weifeng/MM/CPM/cz5108/cz5108.mtx,4.749,51412,0.003903,0.003549,98.760823,1.231725,0
/home/weifeng/MM/HB/685_bus/685_bus.mtx,3.536,3249,0.082153,0.835694,98.033994,1.048159,0
/home/weifeng/MM/HB/bcsstk28/bcsstk28.mtx,4.888,219024,0.025657,0.672867,98.008018,1.293457,0
/home/weifeng/MM/FIDAP/ex10/ex10.mtx,3.07,54840,0.005764,0.052594,98.005764,1.935879,0
/home/weifeng/MM/HB/nos6/nos6.mtx,2.028,3255,0,0.966851,98.005525,1.027624,0
/home/weifeng/MM/FIDAP/ex10hs/ex10hs.mtx,3.341,57308,0.007838,0.076421,98.005225,1.910516,0
/home/weifeng/MM/Boeing/msc10848/msc10848.mtx,20.397,1229778,0.002967,0.170103,97.789426,2.037505,0
/home/weifeng/MM/Pothen/commanche_dual/commanche_dual.mtx,7.76,31680,0,0,97.757119,2.242881,0
/home/weifeng/MM/HB/watt_2/watt_2.mtx,2.106,11550,0,0.009921,97.001984,2.988095,0
/home/weifeng/MM/Mancktelow/viscorocks/viscorocks.mtx,23.243,1162244,0,0.000464,95.253832,4.745704,0
/home/weifeng/MM/Mallya/lhr11/lhr11.mtx,8.568,233741,0.001777,0.003376,88.849147,11.1457,0
/home/weifeng/MM/Oberwolfach/t2dal/t2dal.mtx,3.766,37465,1.24845,1.145145,83.122934,14.483471,0
/home/weifeng/MM/Oberwolfach/t2dal_bci/t2dal_bci.mtx,3.785,37465,1.214876,1.106921,83.085744,14.592459,0
/home/weifeng/MM/Oberwolfach/t2dal_a/t2dal_a.mtx,3.795,37465,1.222107,1.121384,83.06095,14.595558,0
/home/weifeng/MM/CPM/cz2548/cz2548.mtx,3.268,25674,0.459943,0.423462,76.561516,22.555079,0
/home/weifeng/MM/HB/sherman3/sherman3.mtx,4.366,20033,0,0.293763,61.804731,37.901505,0
/home/weifeng/MM/Pothen/mesh3e1/mesh3e1.mtx,2.4,1889,3.289474,35.131579,46.201754,15.377193,0
/home/weifeng/MM/Norris/fv1/fv1.mtx,5.387,85264,4.252228,43.121417,37.138762,15.487593,0
/home/weifeng/MM/HB/bp_600/bp_600.mtx,4.016,4172,0,0,36.846154,71.153846,0
/home/weifeng/MM/Brunetiere/thermal/thermal.mtx,3.28,66528,4.998016,55.279762,26.27381,13.448413,0
/home/weifeng/MM/CEMW/tmt_sym/tmt_sym.mtx,118.966,5080961,0.015473,83.351314,15.493486,1.139727,0
/home/weifeng/MM/HB/west1505/west1505.mtx,2.528,5445,0,0,8.183267,91.816733,0
/home/weifeng/MM/Bates/Chem97ZtZ/Chem97ZtZ.mtx,2.02,7361,9.208989,1.847191,6.896629,82.047191,0
/home/weifeng/MM/HB/dwt_346/dwt_346.mtx,1.994,3226,0,0,6.1875,93.8125,0
/home/weifeng/MM/HB/bcsstk04/bcsstk04.mtx,1.925,3648,0,0,4.95,95.05,0
/home/weifeng/MM/HB/fs_183_6/fs_183_6.mtx,2.628,1069,0,0,4.90099,95.09901,0
/home/weifeng/MM/JGD_Trefethen/Trefethen_200/Trefethen_200.mtx,1.8,2890,0,0,4.829268,95.170732,0
/home/weifeng/MM/Pothen/mesh2e1/mesh2e1.mtx,2.9,2018,11.084416,13.603896,3.88961,71.422078,0
/home/weifeng/MM/Bai/rdb200/rdb200.mtx,1.651,1120,0,0,3.535714,96.464286,0
/home/weifeng/MM/Bai/rdb200l/rdb200l.mtx,1.642,1120,0,0,3.535714,96.464286,0
/home/weifeng/MM/HB/can_187/can_187.mtx,2.192,1491,0,0,3.355932,96.644068,0
/home/weifeng/MM/HB/mbeacxc/mbeacxc.mtx,2.191,49920,0,0,3.231774,96.768226,0
/home/weifeng/MM/HB/dwt_878/dwt_878.mtx,2.185,7448,0,0,3.216606,96.783394,0
/home/weifeng/MM/HB/can_229/can_229.mtx,2.379,1777,0,0,3.193548,96.806452,0
/home/weifeng/MM/HB/lshp_265/lshp_265.mtx,2.757,1753,0,0,2.940594,97.059406,0
/home/weifeng/MM/VDOL/orbitRaising_1/orbitRaising_1.mtx,2.149,2906,0,0,2.66129,97.33871,0
/home/weifeng/MM/Bindel/ted_B/ted_B.mtx,5.812,144579,23.861407,4.447335,2.364606,69.326652,0
/home/weifeng/MM/HB/dwt_1005/dwt_1005.mtx,3.004,8621,0,0,2.329412,97.670588,0
/home/weifeng/MM/HB/dwt_419/dwt_419.mtx,2.682,3563,0,0,2.076923,97.923077,0
/home/weifeng/MM/HB/mcca/mcca.mtx,1.964,2659,0,0,1.903846,98.096154,0
/home/weifeng/MM/FIDAP/ex26/ex26.mtx,3.425,94033,0,0,1.859391,98.140609,0
/home/weifeng/MM/MathWorks/Muu/Muu.mtx,8.242,170134,42.837517,51.362327,1.609457,4.190699,0
/home/weifeng/MM/HB/impcol_e/impcol_e.mtx,2.021,1308,0,0,1.546875,98.453125,0
/home/weifeng/MM/Rajat/rajat14/rajat14.mtx,2.5,1503,0,0,1.375,98.625,0
/home/weifeng/MM/HB/bp_400/bp_400.mtx,3.364,4028,0,0,1.318402,98.681598,0
/home/weifeng/MM/HB/bp_1400/bp_1400.mtx,3.611,4790,0,0,1.287805,98.712195,0
/home/weifeng/MM/HB/west0497/west0497.mtx,2.445,1727,0,0,1.269231,98.730769,0
/home/weifeng/MM/GHS_indef/laser/laser.mtx,2.537,9000,16.3879,5.364769,1.225979,77.021352,0
/home/weifeng/MM/Bai/qh1484/qh1484.mtx,2.826,6110,0,0,1.202429,98.797571,0
/home/weifeng/MM/Morandini/rotor2/rotor2.mtx,2.162,10685,0,0,1.155642,98.844358,0
/home/weifeng/MM/HB/bcsstk20/bcsstk20.mtx,1.972,3135,0,0,1.11236,98.88764,0
/home/weifeng/MM/Wang/wang2/wang2.mtx,2.66,19093,0.80091,1.012514,1.110353,97.076223,0
/home/weifeng/MM/VDOL/dynamicSoaringProblem_1/dynamicSoaringProblem_1.mtx,2.499,5367,0,0,1.103064,98.896936,0
/home/weifeng/MM/HB/can_838/can_838.mtx,2.354,10010,0,0,1.101749,98.898251,0
/home/weifeng/MM/Boeing/msc01050/msc01050.mtx,2.459,29156,0,0,1.093923,98.906077,0
/home/weifeng/MM/Wang/wang1/wang1.mtx,2.653,19093,0.874858,0.997725,1.093288,97.03413,0
/home/weifeng/MM/Okunbor/aft02/aft02.mtx,7.498,127762,0,0,1.073099,98.926901,0
/home/weifeng/MM/HB/impcol_d/impcol_d.mtx,2.053,1339,0,0,1.03125,98.96875,0
/home/weifeng/MM/FIDAP/ex2/ex2.mtx,2.053,26839,0,0,1.024138,98.975862,0
/home/weifeng/MM/FIDAP/ex22/ex22.mtx,2.056,22715,0,0,0.97377,99.02623,0
/home/weifeng/MM/HB/watt_1/watt_1.mtx,1.889,11360,0,0,0.967611,99.032389,0
/home/weifeng/MM/Bindel/ted_B_unscaled/ted_B_unscaled.mtx,5.823,144579,0,0,0.927505,99.072495,0
/home/weifeng/MM/Andrianov/ins2/ins2.mtx,81.165,2751484,33.537709,23.419681,0.805978,42.236632,0
/home/weifeng/MM/Sandia/fpga_dcop_41/fpga_dcop_41.mtx,3.025,5892,0.242898,0.167614,0.791193,98.798295,0
/home/weifeng/MM/Sandia/fpga_dcop_38/fpga_dcop_38.mtx,3.268,5892,0.232955,0.167614,0.791193,98.808239,0
/home/weifeng/MM/Sandia/fpga_dcop_45/fpga_dcop_45.mtx,3.021,5892,0.232955,0.167614,0.791193,98.808239,0
/home/weifeng/MM/Sandia/fpga_dcop_35/fpga_dcop_35.mtx,3.221,5892,0.255682,0.142045,0.791193,98.81108,0
/home/weifeng/MM/HB/young3c/young3c.mtx,2.052,3988,0,0,0.773438,99.226562,0
/home/weifeng/MM/FIDAP/ex27/ex27.mtx,2.32,40782,0.252632,0.054135,0.757895,98.935338,0
/home/weifeng/MM/Sandia/fpga_dcop_26/fpga_dcop_26.mtx,3.25,5892,0.325284,0.09517,0.755682,98.823864,0
/home/weifeng/MM/Boeing/msc00726/msc00726.mtx,1.997,34518,0,0,0.75228,99.24772,0
/home/weifeng/MM/Rommes/bips98_606/bips98_606.mtx,5.399,34738,0,0,0.734942,99.265058,0
/home/weifeng/MM/VDOL/spaceStation_5/spaceStation_5.mtx,2.648,15219,0.029046,0,0.688797,99.282158,0
/home/weifeng/MM/VDOL/spaceStation_9/spaceStation_9.mtx,2.742,19674,0,0,0.678082,99.321918,0
/home/weifeng/MM/HB/bcsstk09/bcsstk09.mtx,2.114,18437,0,0,0.654185,99.345815,0
/home/weifeng/MM/HB/orsirr_1/orsirr_1.mtx,2.57,6858,0,0,0.633262,99.366738,0
/home/weifeng/MM/VDOL/spaceShuttleEntry_3/spaceShuttleEntry_3.mtx,2.987,28757,0,0,0.603324,99.396676,0
/home/weifeng/MM/Sandia/fpga_dcop_08/fpga_dcop_08.mtx,3.271,5888,0.338068,0.143466,0.556818,98.961648,0
/home/weifeng/MM/VDOL/dynamicSoaringProblem_2/dynamicSoaringProblem_2.mtx,2.551,15588,0,0,0.54939,99.45061,0
/home/weifeng/MM/HB/lock2232/lock2232.mtx,2.995,80352,0,0,0.490099,99.509901,0
/home/weifeng/MM/Grund/b_dyn/b_dyn.mtx,2.397,4264,0,0,0.472554,99.527446,0
/home/weifeng/MM/Schenk_IBMNA/c-33/c-33.mtx,4.773,56123,0,0,0.463278,99.536722,0
/home/weifeng/MM/VDOL/dynamicSoaringProblem_3/dynamicSoaringProblem_3.mtx,3.481,32022,0.249084,0.276557,0.452381,99.021978,0
/home/weifeng/MM/Bai/qc2534/qc2534.mtx,3.448,463360,0,0,0.450683,99.549317,0
/home/weifeng/MM/VDOL/reorientation_2/reorientation_2.mtx,2.519,17910,0,0,0.435803,99.564197,0
/home/weifeng/MM/Rommes/bips07_1693/bips07_1693.mtx,8.476,49044,0,0,0.43071,99.56929,0
/home/weifeng/MM/Rommes/bips98_1142/bips98_1142.mtx,7.586,40983,0,0,0.404376,99.595624,0
/home/weifeng/MM/Shen/shermanACd/shermanACd.mtx,9.688,53329,0.866491,0.032718,0.403015,98.697776,0
/home/weifeng/MM/HB/lshp1561/lshp1561.mtx,3.079,10681,0,0,0.402439,99.597561,0
/home/weifeng/MM/HB/bcspwr07/bcspwr07.mtx,3.918,5824,0,0,0.383721,99.616279,0
/home/weifeng/MM/FIDAP/ex29/ex29.mtx,3.011,23754,22.358506,22.19668,0.379253,55.06556,0
/home/weifeng/MM/VDOL/lowThrust_2/lowThrust_2.mtx,3.011,26261,0,0,0.376247,99.623753,0
/home/weifeng/MM/HB/plat1919/plat1919.mtx,3.177,32399,0,0,0.370093,99.629907,0
/home/weifeng/MM/Schenk_IBMNA/c-35/c-35.mtx,7.189,62891,0,0,0.367704,99.632296,0
/home/weifeng/MM/Rommes/bips07_2476/bips07_2476.mtx,11.324,66498,0,0.001649,0.362671,99.635681,0
/home/weifeng/MM/HB/orsreg_1/orsreg_1.mtx,2.323,14133,0,0,0.355795,99.644205,0
/home/weifeng/MM/VDOL/freeFlyingRobot_4/freeFlyingRobot_4.mtx,2.613,18218,0,0,0.350753,99.649247,0
/home/weifeng/MM/Zitney/rdist2/rdist2.mtx,3.587,56934,0,0,0.349083,99.650917,0
/home/weifeng/MM/VDOL/spaceStation_8/spaceStation_8.mtx,2.597,18945,0,0,0.342857,99.657143,0
/home/weifeng/MM/VDOL/dynamicSoaringProblem_4/dynamicSoaringProblem_4.mtx,3.957,36516,0.095374,0.091376,0.34209,99.471159,0
/home/weifeng/MM/HB/bcsstk13/bcsstk13.mtx,3.469,83883,0,0,0.334459,99.665541,0
/home/weifeng/MM/HB/dwt_2680/dwt_2680.mtx,3.715,25026,0,0,0.323706,99.676294,0
/home/weifeng/MM/FIDAP/ex6/ex6.mtx,2.903,49533,0,0,0.321429,99.678571,0
/home/weifeng/MM/Brethour/coater1/coater1.mtx,2.536,19457,0,0,0.311647,99.688353,0
/home/weifeng/MM/Zitney/extr1/extr1.mtx,3.276,11407,0,0,0.290039,99.709961,0
/home/weifeng/MM/Hamm/add20/add20.mtx,3.864,17319,3.01513,0.043026,0.280851,96.660993,0
/home/weifeng/MM/Schenk_IBMNA/c-29/c-29.mtx,5.058,43731,0,0,0.276254,99.723746,0
/home/weifeng/MM/VDOL/dynamicSoaringProblem_7/dynamicSoaringProblem_7.mtx,3.683,37680,0,0,0.273028,99.726972,0
/home/weifeng/MM/FIDAP/ex24/ex24.mtx,3.152,48737,0,0,0.270738,99.729262,0
/home/weifeng/MM/Rommes/bips07_1998/bips07_1998.mtx,9.065,62198,0,0.001991,0.266721,99.731287,0
/home/weifeng/MM/VDOL/dynamicSoaringProblem_5/dynamicSoaringProblem_5.mtx,4.035,36789,0,0,0.264706,99.735294,0
/home/weifeng/MM/HB/bcsstk14/bcsstk14.mtx,2.66,63454,0,0,0.258036,99.741964,0
/home/weifeng/MM/VDOL/freeFlyingRobot_7/freeFlyingRobot_7.mtx,3.285,31046,0,0,0.252294,99.747706,0
/home/weifeng/MM/Schenk_IBMNA/c-27/c-27.mtx,4.899,31375,0,0,0.247775,99.752225,0
/home/weifeng/MM/HB/lshp3466/lshp3466.mtx,3.601,23896,0,0,0.24505,99.75495,0
/home/weifeng/MM/DRIVCAV/cavity12/cavity12.mtx,3.411,76367,0,0,0.242054,99.757946,0
/home/weifeng/MM/DRIVCAV/cavity14/cavity14.mtx,3.457,76367,0,0,0.242054,99.757946,0
/home/weifeng/MM/AG-Monien/whitaker3/whitaker3.mtx,7.353,57978,0,0,0.230439,99.769561,0
/home/weifeng/MM/HB/saylr4/saylr4.mtx,3.494,22316,0.013605,0,0.22449,99.761905,0
/home/weifeng/MM/VDOL/reorientation_8/reorientation_8.mtx,3.84,37894,0.080341,0.008886,0.219919,99.690855,0
/home/weifeng/MM/Zitney/hydr1/hydr1.mtx,4.738,23752,0,0,0.219902,99.780098,0
/home/weifeng/MM/Zitney/hydr1c/hydr1c.mtx,4.402,23752,0,0,0.219902,99.780098,0
/home/weifeng/MM/Hollinger/mark3jac020/mark3jac020.mtx,10.293,56175,0,0,0.211643,99.788357,0
/home/weifeng/MM/Hollinger/mark3jac020sc/mark3jac020sc.mtx,10.298,56175,0,0,0.211643,99.788357,0
/home/weifeng/MM/FIDAP/ex8/ex8.mtx,3.816,106344,0,0,0.201322,99.798678,0
/home/weifeng/MM/Muite/Chebyshev3/Chebyshev3.mtx,2.791,36879,0,0,0.193738,99.806262,0
/home/weifeng/MM/DRIVCAV/cavity11/cavity11.mtx,3.896,76367,0,0,0.181651,99.818349,0
/home/weifeng/MM/Meszaros/iprob/iprob.mtx,2.256,9000,0,0,0.176786,99.823214,0
/home/weifeng/MM/FIDAP/ex7/ex7.mtx,3.148,54543,0,0,0.173989,99.826011,0
/home/weifeng/MM/Grund/bayer05/bayer05.mtx,2.967,27836,0,0,0.150342,99.849658,0
/home/weifeng/MM/Grund/bayer07/bayer07.mtx,3.151,27836,0,0,0.150342,99.849658,0
/home/weifeng/MM/TOKAMAK/utm3060/utm3060.mtx,3.066,42211,0,0,0.147872,99.852128,0
/home/weifeng/MM/FIDAP/ex31/ex31.mtx,4.683,115357,0,0,0.146775,99.853225,0
/home/weifeng/MM/Bai/rdb5000/rdb5000.mtx,3.761,29600,0,0,0.13911,99.86089,0
/home/weifeng/MM/HB/bcspwr10/bcspwr10.mtx,8.253,21842,0,0,0.128906,99.871094,0
/home/weifeng/MM/Cannizzo/sts4098/sts4098.mtx,5.035,72356,0,0,0.127479,99.872521,0
/home/weifeng/MM/HB/bcsstk15/bcsstk15.mtx,4.244,117816,0,0,0.126518,99.873482,0
/home/weifeng/MM/Andrianov/fxm3_6/fxm3_6.mtx,7.127,94026,0,0,0.120175,99.879825,0
/home/weifeng/MM/Meszaros/fxm3_6/fxm3_6.mtx,7.163,94026,0,0,0.120175,99.879825,0
/home/weifeng/MM/Andrianov/fxm3_6/fxm3_6.mtx,7.116,94026,0,0,0.120175,99.879825,0
/home/weifeng/MM/Meszaros/fxm3_6/fxm3_6.mtx,7.107,94026,0,0,0.120175,99.879825,0
/home/weifeng/MM/Cylshell/s2rmt3m1/s2rmt3m1.mtx,6.508,219521,0,0,0.115027,99.884973,0
/home/weifeng/MM/Boeing/nasa2910/nasa2910.mtx,3.898,174296,0,0,0.112245,99.887755,0
/home/weifeng/MM/Nasa/nasa2910/nasa2910.mtx,3.716,174296,0,0,0.112245,99.887755,0
/home/weifeng/MM/Boeing/nasa2910/nasa2910.mtx,3.702,174296,0,0,0.112245,99.887755,0
/home/weifeng/MM/Nasa/nasa2910/nasa2910.mtx,3.694,174296,0,0,0.112245,99.887755,0
/home/weifeng/MM/Fluorem/GT01R/GT01R.mtx,8.71,430909,0,0,0.11154,99.88846,0
/home/weifeng/MM/Rommes/xingo_afonso_itaipu/xingo_afonso_itaipu.mtx,8.441,48735,0,0,0.107994,99.892006,0
/home/weifeng/MM/Rommes/mimo46x46_system/mimo46x46_system.mtx,8.397,48735,0,0,0.107994,99.892006,0
/home/weifeng/MM/GHS_psdef/srb1/srb1.mtx,44.436,2962152,0,0,0.106566,99.893434,0
/home/weifeng/MM/Grund/meg1/meg1.mtx,3.794,58142,0.007782,0,0.100056,99.892162,0
/home/weifeng/MM/FIDAP/ex18/ex18.mtx,5.171,71805,0,0,0.095284,99.904716,0
/home/weifeng/MM/Grund/poli3/poli3.mtx,11.486,37849,0,0,0.095186,99.904814,0
/home/weifeng/MM/Bindel/ted_AB_unscaled/ted_AB_unscaled.mtx,10.776,522387,0,0,0.094062,99.905938,0
/home/weifeng/MM/Pothen/barth5/barth5.mtx,12.708,61484,0,0,0.093896,99.906104,0
/home/weifeng/MM/Nasa/barth5/barth5.mtx,12.738,61484,0,0,0.093828,99.906172,0
/home/weifeng/MM/Pothen/barth5/barth5.mtx,13.683,61484,0,0,0.093761,99.906239,0
/home/weifeng/MM/Nasa/barth5/barth5.mtx,12.59,61484,0,0,0.093761,99.906239,0
/home/weifeng/MM/FIDAP/ex12/ex12.mtx,5.08,80211,0.010999,0,0.090742,99.898258,0
/home/weifeng/MM/MathWorks/Kaufhold/Kaufhold.mtx,10.96,42471,0,0,0.087018,99.912982,0
/home/weifeng/MM/Pothen/barth4/barth4.mtx,4.669,23492,0,0,0.083368,99.916632,0
/home/weifeng/MM/Nasa/barth4/barth4.mtx,4.373,23492,0,0,0.083368,99.916632,0
/home/weifeng/MM/Pothen/barth4/barth4.mtx,4.395,23492,0,0,0.083368,99.916632,0
/home/weifeng/MM/Nasa/barth4/barth4.mtx,4.377,23492,0,0,0.083368,99.916632,0
/home/weifeng/MM/FEMLAB/poisson3Da/poisson3Da.mtx,54.471,352762,21.362522,0.005643,0.077276,78.554559,0
/home/weifeng/MM/Cunningham/qa8fm/qa8fm.mtx,23.326,1660579,38.937557,56.708411,0.066598,4.287435,0
/home/weifeng/MM/Wang/swang1/swang1.mtx,4.523,20841,32.320148,59.296813,0.056346,8.326693,0
/home/weifeng/MM/Wang/swang2/swang2.mtx,4.455,20841,0.016505,0,0.056346,99.927149,0
/home/weifeng/MM/Bai/rw5151/rw5151.mtx,3.654,20199,0,0,0.046853,99.953147,0
/home/weifeng/MM/Boeing/msc04515/msc04515.mtx,4.475,97707,0,0,0.044059,99.955941,0
/home/weifeng/MM/VDOL/reorientation_7/reorientation_7.mtx,4.168,37150,0.054249,0,0.037557,99.908194,0
/home/weifeng/MM/Bai/mhd4800b/mhd4800b.mtx,2.554,27520,0.012249,0.084633,0.035635,99.867483,0
/home/weifeng/MM/TSOPF/TSOPF_FS_b300_c2/TSOPF_FS_b300_c2.mtx,68.013,8767466,0.088214,0,0.030927,99.880859,0
/home/weifeng/MM/AG-Monien/3elt_dual/3elt_dual.mtx,7.895,26556,0,0,0.029221,99.970779,0
/home/weifeng/MM/AG-Monien/L-9/L-9.mtx,11.232,71192,0.012651,0,0.024085,99.963265,0
/home/weifeng/MM/Chevron/Chevron4/Chevron4.mtx,132.808,6376412,10.525813,1.149612,0.02009,88.304485,0
/home/weifeng/MM/Mallya/lhr11c/lhr11c.mtx,9.245,233741,0,0,0.017591,99.982409,0
/home/weifeng/MM/Rajat/rajat03/rajat03.mtx,7.094,32653,0,0,0.01457,99.98543,0
/home/weifeng/MM/TSOPF/TSOPF_FS_b39_c19/TSOPF_FS_b39_c19.mtx,68.428,1977600,0.488174,0.011666,0.014472,99.485688,0
/home/weifeng/MM/AG-Monien/biplane-9/biplane-9.mtx,13.638,84076,0,0,0.009873,99.990127,0
/home/weifeng/MM/TKK/s4dkt3m2/s4dkt3m2.mtx,82.608,3753461,0,0,0.00587,99.99413,0
/home/weifeng/MM/Boeing/bcsstm38/bcsstm38.mtx,4.213,10485,0.778215,0.08399,0.001312,99.136483,0
/home/weifeng/MM/CEMW/tmt_unsym/tmt_unsym.mtx,152.107,4584801,7.109098,91.55681,0.0002,1.333892,0
/home/weifeng/MM/FIDAP/ex25/ex25.mtx,2.258,24612,0.451404,0.030238,0,99.518359,0
/home/weifeng/MM/ATandT/pre2/pre2.mtx,213.518,5959282,0.000062,0,0,99.999938,0
/home/weifeng/MM/Bai/tols2000/tols2000.mtx,2.005,5184,0,0,0,100,0
/home/weifeng/MM/VDOL/spaceShuttleEntry_1/spaceShuttleEntry_1.mtx,2.431,6891,0,0,0,100,0
/home/weifeng/MM/Bai/tols4000/tols4000.mtx,2.686,8784,0,0,0,100,0
/home/weifeng/MM/Bai/rdb2048/rdb2048.mtx,2.362,12032,0,0,0,100,0
/home/weifeng/MM/HB/dwt_992/dwt_992.mtx,1.677,16744,0,0,0,100,0
/home/weifeng/MM/Bai/rbsa480/rbsa480.mtx,2.432,17088,0,0,0,100,0
/home/weifeng/MM/Shyy/shyy41/shyy41.mtx,3.168,20042,0,0,0,100,0
/home/weifeng/MM/Schenk_IBMNA/c-22/c-22.mtx,4.402,28872,0,0,0,100,0
/home/weifeng/MM/JGD_Trefethen/Trefethen_2000/Trefethen_2000.mtx,2.568,41906,0,0,0,100,0
/home/weifeng/MM/Bai/mhd1280a/mhd1280a.mtx,2.12,47906,0,0,0,100,0
/home/weifeng/MM/HB/cegb3024/cegb3024.mtx,4.259,79848,0,0,0,100,0
/home/weifeng/MM/QCD/conf5_0-4x4-10/conf5_0-4x4-10.mtx,5.153,119808,0,0,0,100,0
/home/weifeng/MM/Watson/Baumann/Baumann.mtx,26.419,760631,0,0,0,100,0
/home/weifeng/MM/Schenk_IBMNA/c-73/c-73.mtx,58.465,1279274,0,0,0,100,0
/home/weifeng/MM/Schenk_IBMNA/c-73b/c-73b.mtx,58.802,1279274,0,0,0,100,0
/home/weifeng/MM/GHS_indef/boyd2/boyd2.mtx,61.816,1500397,0,0,0,100,0
/home/weifeng/MM/Bodendiek/CurlCurl_1/CurlCurl_1.mtx,51.567,2472071,0,0,0,100,0
/home/weifeng/MM/Norris/stomach/stomach.mtx,68.101,3021648,0,0,0,100,0
/home/weifeng/MM/Rothberg/cfd2/cfd2.mtx,52.701,3087898,0,0,0,100,0
/home/weifeng/MM/Andrianov/net150/net150.mtx,88.657,3121200,0,0,0,100,0
/home/weifeng/MM/GHS_psdef/s3dkq4m2/s3dkq4m2.mtx,23.653,4820891,0,0,0,100,0
/home/weifeng/MM/QLi/largebasis/largebasis.mtx,69.092,5560100,0,0,0,100,0
/home/weifeng/MM/Bourchtein/atmosmodd/atmosmodd.mtx,222.425,8814880,0,0,0,100,0
/home/weifeng/MM/Bourchtein/atmosmodj/atmosmodj.mtx,244.697,8814880,0,0,0,100,0
/home/weifeng/MM/Bodendiek/CurlCurl_2/CurlCurl_2.mtx,187.853,8921789,0,0,0,100,0
/home/weifeng/MM/Bourchtein/atmosmodm/atmosmodm.mtx,302.803,10319760,0,0,0,100,0
/home/weifeng/MM/PARSEC/Si87H76/Si87H76.mtx,194.3,10661631,0,0,0,100,0
/home/weifeng/MM/Boeing/pwtk/pwtk.mtx,59.891,11634424,0,0,0,100,0
/home/weifeng/MM/Bodendiek/CurlCurl_3/CurlCurl_3.mtx,272.956,13544618,0,0,0,100,0
/home/weifeng/MM/Schenk_AFE/af_0_k101/af_0_k101.mtx,116.12,17550675,0,0,0,100,0
/home/weifeng/MM/Schenk_AFE/af_1_k101/af_1_k101.mtx,116.364,17550675,0,0,0,100,0
/home/weifeng/MM/Schenk_AFE/af_2_k101/af_2_k101.mtx,116.076,17550675,0,0,0,100,0
/home/weifeng/MM/Schenk_AFE/af_3_k101/af_3_k101.mtx,115.852,17550675,0,0,0,100,0
/home/weifeng/MM/Schenk_AFE/af_4_k101/af_4_k101.mtx,115.986,17550675,0,0,0,100,0
/home/weifeng/MM/Schenk_AFE/af_5_k101/af_5_k101.mtx,116.406,17550675,0,0,0,100,0
/home/weifeng/MM/Janna/CoupCons3D/CoupCons3D.mtx,159.812,22322336,0,0,0,100,0
